http://gr8skn.com,IAB24
http://homeis.co.uk,IAB24
http://idahobook.com,IAB24
http://lasbalsas.com,IAB24
http://lonbali.com,IAB24
http://nano4life.co,IAB24
http://newyorkmedicaidconsulting.com,IAB24
http://nytstaaltag.dk,IAB24
http://opr-foretagslan.se,IAB24
http://ovationawards.ca,IAB24
http://pansion-zabota.ru,IAB24
http://photocopieur.ovh,IAB24
http://plintenstunter.nl,IAB24
http://porscheperucotizador.com,IAB24
http://riversidecampingcenter.com,IAB24
http://skylinehotelny.com,IAB24
http://thefox.com.au,IAB24
http://thornhillcontracting.com,IAB24
http://tinypeople.com.au,IAB24
http://vapefu.com,IAB24
http://worksforweb.com,IAB24
http://abovastgoed.nl,IAB24
http://aippuertorico.com,IAB24
http://americanthermal.com,IAB24
http://apexphoto.com.ua,IAB24
http://backyardleisure.com,IAB24
http://barautoankauf.ch,IAB24
http://bastion-boots.com.ua,IAB24
http://beltengineering.com,IAB24
http://bonava.com,IAB24
http://booyadigital.co.il,IAB24
http://btisci.com,IAB24
http://ccsfurniture.com,IAB24
http://cleanvictorysupplements.com,IAB24
http://clickgasoil.com,IAB24
http://coralogix.com,IAB24
http://definebody.com,IAB24
http://ditrevimarmores.com.br,IAB24
http://doutorja.com.br,IAB24
http://dunati.com,IAB24
http://emundia.si,IAB24
http://enerskin.com,IAB24
http://evansfurniturefloorcovering.com,IAB24
http://farmaciaanallusar.es,IAB24
http://fermeria.at,IAB24
http://ferrignofitbox.com,IAB24
http://fireondemand.com,IAB24
http://flightcentre.com.na,IAB24
http://goodguysmotorsports.com,IAB24
http://hotel4fontane.com,IAB24
http://huskilson.net,IAB24
http://hussarangels.com,IAB24
http://johnsteinkampandassociates.com,IAB24
http://julianbakery.com,IAB24
http://justofficeglobal.com,IAB24
http://knittingparadise.com,IAB24
http://kurupura.com,IAB24
http://largus-retail.co.jp,IAB24
http://mac-hotels.com,IAB24
http://macsports-store.com,IAB24
http://mamibuy.com.hk,IAB24
http://marola.com,IAB24
http://matixclothing.com,IAB24
http://necanet.org,IAB24
http://notino.hu,IAB24
http://nutrifitcafecapetown.com,IAB24
http://ocamposfinejewelry.com,IAB24
http://onedaysale.ru,IAB24
http://papajohnspizza.in,IAB24
http://parkmozaik.com.tr,IAB24
http://rainbow-international.co.uk,IAB24
http://realalternatives.com,IAB24
http://selectexterminating.com,IAB24
http://skateshop.gr,IAB24
http://straumann.com,IAB24
http://tausana.lt,IAB24
http://teletal.hu,IAB24
http://ticcorp.com,IAB24
http://training.com.au,IAB24
http://tricounty.ca,IAB24
http://upullandpaylcp.com,IAB24
http://vanger.com.tw,IAB24
http://ventanasonline.com,IAB24
http://veteransroofing.net,IAB24
http://wpc-decking.co.uk,IAB24
http://108agency.cz,IAB24
http://allsoppsmile.co.uk,IAB24
http://aquatruwater.com,IAB24
http://bacarra-apts.com,IAB24
http://consowear.ru,IAB24
http://cregsystems.com,IAB24
http://cultus.lt,IAB24
http://datahug.com,IAB24
http://duka.it,IAB24
http://eabygg.no,IAB24
http://eagleoilfieldservices.com,IAB24
http://edenvilla.com,IAB24
http://edustore.at,IAB24
http://fussball-corner.ch,IAB24
http://getplenty.com,IAB24
http://hamptonfurniture.com,IAB24
http://healthy-lifespace.com,IAB24
http://izeekonline.com,IAB24
http://jaguarthousandoaks.com,IAB24
http://maba.org,IAB24
http://modern.co.il,IAB24
http://moneza.ru,IAB24
http://nesi-catamarans.com,IAB24
http://nextlifeauto.com,IAB24
http://nwelitehomes.com,IAB24
http://parknjetportland.com,IAB24
http://rb.co.in,IAB24
http://rhodosroyal.com,IAB24
http://salemsmilesortho.com,IAB24
http://sellickequipment.com,IAB24
http://starline.kharkov.ua,IAB24
http://superrakuraku.jimdo.com,IAB24
http://svgrandhotel.com,IAB24
http://teloyears.com,IAB24
http://terminus.se,IAB24
http://ursitoarelux.ro,IAB24
http://uznemumsigaunija.lv,IAB24
http://victoriapointsantamaria.com,IAB24
http://westpointeretirementcommunity.com,IAB24
http://williamashley.com,IAB24
http://wsochcompany.se,IAB24
http://zegna.ca,IAB24
http://abfprints.com,IAB24
http://antwerpenchryslerjeep.net,IAB24
http://arizonaretinalspecialists.com,IAB24
http://bfslaw.com,IAB24
http://blablacar.cz,IAB24
http://cartuchosvacios.com.ar,IAB24
http://cpaglobal.com,IAB24
http://crescina.dk,IAB24
http://curiousastrology.com,IAB24
http://defabrique.nl,IAB24
http://donpealo.cz,IAB24
http://easysystem.es,IAB24
http://gmchevydealer.com,IAB24
http://harmanhvs.com,IAB24
http://i-cence.jp,IAB24
http://johnsonhearing.com,IAB24
http://jux.law,IAB24
http://lamaisonhotel.com,IAB24
http://lamplord.nl,IAB24
http://lc-24park.com,IAB24
http://localexpertbusiness.com,IAB24
http://lockstate.com,IAB24
http://m2kodit.fi,IAB24
http://mesaaz.gov,IAB24
http://metroalarmas.com,IAB24
http://metroparkhotels.com,IAB24
http://millerbkcareers.com,IAB24
http://mimosachristiancounseling.org,IAB24
http://monkeysports.se,IAB24
http://montana-energie.at,IAB24
http://mun.ca,IAB24
http://myprotein.be,IAB24
http://newaudition.net,IAB24
http://ochsnersport.ch,IAB24
http://osakacoffee.com,IAB24
http://prehouseisopaneles.com,IAB24
http://printninja.com,IAB24
http://rapsodia.com.mx,IAB24
http://reddingautotrucksales.com,IAB24
http://renegadeadventure.jeep.es,IAB24
http://richardarthurlaw.com,IAB24
http://rivendellofarkansas.com,IAB24
http://rivertorivercommunities.com,IAB24
http://sbc.edu,IAB24
http://shift-it-coach.com,IAB24
http://sushiclub.com.ar,IAB24
http://tagtracking.ca,IAB24
http://taxreliefallies.com,IAB24
http://theserverguy.com,IAB24
http://thrillsaffiliates.com,IAB24
http://topstores.net,IAB24
http://unireaspa.ro,IAB24
http://valeovision.com,IAB24
http://valledecristal.com,IAB24
http://veniceperformingartscenter.com,IAB24
http://viettelidc.com.vn,IAB24
http://viewhomesindurhamregion.com,IAB24
http://warenhousehotel.co.uk,IAB24
http://woodpelletproducts.com,IAB24
http://autozed.lt,IAB24
http://brandscycle.com,IAB24
http://carrefourmontagne-avoriaz.com,IAB24
http://carsoncarcenter.com,IAB24
http://centre-implant-maurice.ch,IAB24
http://chelsealandmark.com,IAB24
http://drive.mcdonaldhyundaidenver.com,IAB24
http://duparcsuites.com,IAB24
http://elegantangkor.com,IAB24
http://elkoep.cz,IAB24
http://franchisedirectcanada.com,IAB24
http://geadditive.com,IAB24
http://getmeashop.com,IAB24
http://hardyautomotive.com,IAB24
http://israeldacia.co.il,IAB24
http://istay.com,IAB24
http://jazzhr.com,IAB24
http://laparrillasuiza.com,IAB24
http://ldynamic.gr,IAB24
http://leez-priory.co.uk,IAB24
http://loveknitting.de,IAB24
http://mobe.com,IAB24
http://moonbarrocks.com,IAB24
http://mypropertyconsultants.com.au,IAB24
http://nemal.com,IAB24
http://outlawdonkey.com,IAB24
http://ozleriskele.com,IAB24
http://parkschevrolethuntersville.com,IAB24
http://peltor.lt,IAB24
http://peopledointernetmarketing.com,IAB24
http://performance.panasas.com,IAB24
http://pogotowiegotowkowe.info,IAB24
http://powerathletehq.com,IAB24
http://resourcecounselling.org,IAB24
http://shoo-fly.com,IAB24
http://simplyacademy.com,IAB24
http://sportelita.com.ua,IAB24
http://thearden.ca,IAB24
http://thehigginsagency.com,IAB24
http://thejoyoflearningchildcare.com,IAB24
http://thewaytogojax.com,IAB24
http://ultratactile.fr,IAB24
http://vandyckstore.amsterdam,IAB24
http://viewpointvisum.com,IAB24
http://westbeachminigolf.com,IAB24
http://wickedsmartapparel.com,IAB24
http://wxydmachine.com,IAB24
http://afc.edu.vn,IAB24
http://aircanada.co.il,IAB24
http://attd2017.com,IAB24
http://besthairturkey.com,IAB24
http://bizango.com,IAB24
http://bodrumonura.com,IAB24
http://business-hangouts.com,IAB24
http://cancanit.com,IAB24
http://clicdata.com,IAB24
http://colop.ro,IAB24
http://dental,IAB24
http://eaglemt.com,IAB24
http://erasmusenergyforum.com,IAB24
http://europesportpower.pl,IAB24
http://fu-chest.com,IAB24
http://giantnissan.com.au,IAB24
http://iqr-net.de,IAB24
http://itherapys.com,IAB24
http://la-rustica.dk,IAB24
http://mannaplus.co.za,IAB24
http://mauiholiday.com,IAB24
http://meritplace.com,IAB24
http://metall-baza.com,IAB24
http://motion29.com,IAB24
http://mtnadaptive.com,IAB24
http://natuurlijkbamboe.nl,IAB24
http://nutraceutics.cz,IAB24
http://outtherecolorado.com,IAB24
http://parqueempresarialmilenium.com,IAB24
http://peugeotdavo.nl,IAB24
http://pirkde.lt,IAB24
http://poele-et-cheminee-sud-ouest.fr,IAB24
http://poznajaudiq5.pl,IAB24
http://pulstar.us,IAB24
http://rakutensl.com,IAB24
http://realmadelaide.com,IAB24
http://robbinstoyota.com,IAB24
http://ryddogvask.no,IAB24
http://satty.com,IAB24
http://signholdersdirect.co.uk,IAB24
http://thetimestore.com,IAB24
http://toner-kyocera.ru,IAB24
http://treasurecavebowl.com,IAB24
http://truckersnews.com,IAB24
http://tugelahr.com,IAB24
http://veksa.ru,IAB24
http://wickey.co.uk,IAB24
http://1215diamonds.com,IAB24
http://4hub.com.ua,IAB24
http://allstate0b2736.com,IAB24
http://baytowntrolley.org,IAB24
http://cabellschools.com,IAB24
http://catawiki.no,IAB24
http://cloudroute.com,IAB24
http://crescent-news.com,IAB24
http://eanvie.com,IAB24
http://ecoservice.gr,IAB24
http://edisonlockup.com,IAB24
http://esianmall.com,IAB24
http://f45growth.com,IAB24
http://furniturefinishing.com.au,IAB24
http://gorhambike.com,IAB24
http://gpgroot.nl,IAB24
http://gymmarine.com,IAB24
http://hepsigunlukkiralik.com,IAB24
http://homecb.com,IAB24
http://idkd.org,IAB24
http://italkkc.com,IAB24
http://leaddoubler.dk,IAB24
http://merlehaymall.deckthewalls.com,IAB24
http://mrbouncehouse.com,IAB24
http://newfoundlandpower.com,IAB24
http://newportbeachhomesforsale.com,IAB24
http://nieuws.securitas.nl,IAB24
http://paysafecard.zabka.pl,IAB24
http://periodhousestore.co.uk,IAB24
http://pipesl.com,IAB24
http://poudresportscar.com,IAB24
http://productpilot.com,IAB24
http://projectorlampsworld.com,IAB24
http://radiusline.by,IAB24
http://robertshawaii.com,IAB24
http://sentinelhealthpartners.com,IAB24
http://sk.yourpsoriasis.eu,IAB24
http://sov24.hu,IAB24
http://suki-tea.com,IAB24
http://thecoastguardhouse.com,IAB24
http://theinteriordesigninstitute.ph,IAB24
http://thisfreelife.gov,IAB24
http://uhs-group.com,IAB24
http://unitarypatentpackage.com,IAB24
http://actexpo.com,IAB24
http://au.welcome.tv-pass.com,IAB24
http://bgibarriers.com,IAB24
http://brumla.cz,IAB24
http://carassotradein.co.il,IAB24
http://cheapjeeppartsonline.com,IAB24
http://d.adgear.com,IAB24
http://dpdwebpaket.de,IAB24
http://eikaiwakyouzai-ranking.mobi,IAB24
http://elliepoopaper.co.uk,IAB24
http://elpasoansfightinghunger.org,IAB24
http://energiahaza.hu,IAB24
http://espasa.com.ar,IAB24
http://etbsabajio.com,IAB24
http://followthefiber.net,IAB24
http://foursixty.com,IAB24
http://gelomyrtol-forte.de,IAB24
http://grandeoaksatheathrow.com,IAB24
http://hapert.com,IAB24
http://hl-group.ru,IAB24
http://itsfresherhere.com,IAB24
http://jesseandfrichtel.com,IAB24
http://jk-pektoral.com.ua,IAB24
http://konetik.hu,IAB24
http://laselleriaonline.it,IAB24
http://mehaf.org,IAB24
http://metaldetectormania.com,IAB24
http://nedorogiepotolki.ru,IAB24
http://oao.banksa.com.au,IAB24
http://precisiondoormiami.com,IAB24
http://puenteromano.com,IAB24
http://puntadelesteresort.com,IAB24
http://register.univadis.fr,IAB24
http://roughtrade.com,IAB24
http://teckleongmetals.com,IAB24
http://treetopsliving.com,IAB24
http://violatethedresscode.com,IAB24
http://vymena-fap-dpf.cz,IAB24
http://wheatsville.coop,IAB24
http://yodeck.com,IAB24
http://allfly.com,IAB24
http://allstate0a6592.com,IAB24
http://angelus-paving-stones.mvinc.net,IAB24
http://arlingtonplaceliving.com,IAB24
http://auko.nl,IAB24
http://bally.co.uk,IAB24
http://bitsngo.net,IAB24
http://blueprinttoneuropathy3.tru-m.com,IAB24
http://boomtownreno.com,IAB24
http://breezewoodfloors.ca,IAB24
http://carouselmotorsvw.com,IAB24
http://chateaumsa.com,IAB24
http://churchill-knight.co.uk,IAB24
http://citystage.symphonyhall.com,IAB24
http://citywideheatingandair.com,IAB24
http://clickferry.com,IAB24
http://consultantdietitians.com,IAB24
http://demenagementinternational.com,IAB24
http://dwl.us,IAB24
http://erneylaz.com.ua,IAB24
http://hcwayrestaurantcolumbusoh.com,IAB24
http://hotelrescue.com.au,IAB24
http://hudhomesusa.org,IAB24
http://inessence.com.au,IAB24
http://kapaipuku.com,IAB24
http://karnix.pl,IAB24
http://kellerlogistics.com,IAB24
http://kitsune.fr,IAB24
http://kz-flowers.com,IAB24
http://liderfilo.com.tr,IAB24
http://mabelandmeg.com,IAB24
http://maildatainc.com,IAB24
http://matchesbydesign.com,IAB24
http://mrlodge.ru,IAB24
http://osfcareers.org,IAB24
http://pharmapro.ch,IAB24
http://rcroofingdublin.ie,IAB24
http://ryancdjroffers.com,IAB24
http://sanctuaryevents.com,IAB24
http://shoveret.co.il,IAB24
http://stubhub.pl,IAB24
http://taoslifestyle.com,IAB24
http://theflowcentre.com,IAB24
http://tr.uspoloassn.com,IAB24
http://unitedpag.com,IAB24
http://yadonpress.com,IAB24
http://zapgoogle.co.il,IAB24
http://zeidlers.com,IAB24
http://accurateforklift.net,IAB24
http://adobehouseassistedliving.com,IAB24
http://alternativemachinetool.com,IAB24
http://apartamentosenrohrmoser.com,IAB24
http://biomag-extra.com,IAB24
http://bizquiz.pl,IAB24
http://bostlures.com,IAB24
http://buscocoches.com,IAB24
http://caffeborboneonline.it,IAB24
http://campbellford.v2.uptracs.com,IAB24
http://coopermoeller.com,IAB24
http://creadstudy.com,IAB24
http://dentalimplantsflorence.com,IAB24
http://domadw.org,IAB24
http://eagleenginesales.com,IAB24
http://engage-education.com,IAB24
http://fleetfeetspokane.com,IAB24
http://gtcpureguard.com,IAB24
http://hairdirect.com,IAB24
http://heavytrucksolutions.com,IAB24
http://hotelmetamorphis.cz,IAB24
http://idea-link.co.jp,IAB24
http://instalacionesantonvalls.es,IAB24
http://libas.com.tr,IAB24
http://melbournecityjaguar.com.au,IAB24
http://murpark.at,IAB24
http://netz-saitama.com,IAB24
http://odensevinterzoo.dk,IAB24
http://optimalfit.pl,IAB24
http://parkvanness.com,IAB24
http://paukwerk.de,IAB24
http://paz.cl,IAB24
http://pipelinecl.com,IAB24
http://poeles-cheminees-limoges.fr,IAB24
http://primalbrands.com,IAB24
http://republicabebe.com,IAB24
http://rochesterveincenter.com,IAB24
http://savealotbeds.com.au,IAB24
http://seikoboutique.hu,IAB24
http://shopkaminskiautosales.net,IAB24
http://shotland.ru,IAB24
http://supplementhunt.com,IAB24
http://tencom.com,IAB24
http://tomwood.ch,IAB24
http://wdimplants17.com,IAB24
http://whole.nutritionstudies.org,IAB24
http://zegna.ch,IAB24
http://activtours.ro,IAB24
http://animation.mu,IAB24
http://barrattorneys.com,IAB24
http://bayleylife.org,IAB24
http://beautiful-box.com,IAB24
http://blackstonelodge.ca,IAB24
http://carrerasmejorpagadas.pe,IAB24
http://ch.stronglegs.eu,IAB24
http://changeville.us,IAB24
http://company-creation.co.uk,IAB24
http://create.net,IAB24
http://cretalive.gr,IAB24
http://digitaltreasures.ca,IAB24
http://e-s.co.il,IAB24
http://ergo-versicherung.at,IAB24
http://esquiandorra.es,IAB24
http://forhonor.ubisoft.com,IAB24
http://have2020.com,IAB24
http://iceland-photo-tours.com,IAB24
http://iprovonline.com,IAB24
http://jandshomesnc.com,IAB24
http://jctour-hatyai.com,IAB24
http://kidtokidboise.com,IAB24
http://laser-scanning.co.uk,IAB24
http://lebenslauf.ch,IAB24
http://liftintense.com,IAB24
http://loveyourbodyboutique.com,IAB24
http://lrqa.ro,IAB24
http://madmillie.com,IAB24
http://mmr-klubkave.com,IAB24
http://monama.com.br,IAB24
http://msrga.com,IAB24
http://naturalcarepro.gr,IAB24
http://patatam.com.es,IAB24
http://peakmmakeller.com,IAB24
http://pftaschools.com,IAB24
http://pro-racing.it,IAB24
http://pwslaundry.com,IAB24
http://ruffneck.com,IAB24
http://sjcam-ukraine.com,IAB24
http://sledthewinds.com,IAB24
http://smart-id-crachas.com.br,IAB24
http://staywinterpark.com,IAB24
http://toppik.co.uk,IAB24
http://traditionchevroletofgenevaoffers.com,IAB24
http://trulocal.ca,IAB24
http://valleyforgeinn.net,IAB24
http://weddingmcjack.com,IAB24
http://xpect-solutions.com,IAB24
http://xrunner.co.uk,IAB24
http://2.vwuzytkowe.pl,IAB24
http://a1moving.com,IAB24
http://accuratehomeaudio.com,IAB24
http://auctionbonanza.com,IAB24
http://baldwinharbororlando.com,IAB24
http://beverlyhillsmotors.com,IAB24
http://brivo.com,IAB24
http://chackamarketing.com,IAB24
http://cobbcaremis.com,IAB24
http://fi.fit-me4u.eu,IAB24
http://fue.center,IAB24
http://hiprex.co.nz,IAB24
http://jorohuvilat.fi,IAB24
http://jujupapers.com,IAB24
http://kaplanormanurunleri.com,IAB24
http://kidsshoes.com,IAB24
http://kusgozmuzik.com,IAB24
http://mmo24.info,IAB24
http://mossrehab.com,IAB24
http://ncduiinsurance.com,IAB24
http://nitragin.com.ar,IAB24
http://nyegardiner.dk,IAB24
http://opposuits.ca,IAB24
http://photosnacks.ro,IAB24
http://plastichead.com,IAB24
http://projektory-lampy.pl,IAB24
http://pscjobs.com,IAB24
http://pushetacreeksteaks.com,IAB24
http://rentsync.ca,IAB24
http://rodentblaster.com,IAB24
http://selegant.mx,IAB24
http://switchtosketchapp.com,IAB24
http://szortelenitesvegleges.hu,IAB24
http://tableanddesk.com,IAB24
http://techno-con.co.jp,IAB24
http://thefaceshop.com.tw,IAB24
http://thegioibang.com,IAB24
http://themetropolis.com,IAB24
http://theredondo.com,IAB24
http://total.co.tz,IAB24
http://trocafone.com.ar,IAB24
http://valveindex.com,IAB24
http://vedderholsters.com,IAB24
http://yapale.com,IAB24
http://zapadg.co.il,IAB24
http://a1drivingschools.com,IAB24
http://adamellobike.it,IAB24
http://allstate17.com,IAB24
http://aquaa.com,IAB24
http://arighibianchi.co.uk,IAB24
http://bitstudios.com,IAB24
http://bptrucking.com,IAB24
http://bswhealth.com,IAB24
http://cascadetickets.com,IAB24
http://cl-sinanjo.com,IAB24
http://classic-marquees.ie,IAB24
http://dayuse.it,IAB24
http://delta-us.com,IAB24
http://dewv.edu,IAB24
http://doyleresearch.com,IAB24
http://drumbristonthesofamaker.com,IAB24
http://edab.com,IAB24
http://fashion-24.ro,IAB24
http://fashiontraders.us,IAB24
http://fortrandallcasino.com,IAB24
http://go.menlo.edu,IAB24
http://gobahamastaxfree.com,IAB24
http://gowylde.ca,IAB24
http://gymboxfitness.com,IAB24
http://highrockpartners.com,IAB24
http://holylandpilgrimages.org,IAB24
http://keystonewater.com,IAB24
http://lagranmuralla-lapelicula.es,IAB24
http://loopsoftware.fr,IAB24
http://lopeztaxservice.net,IAB24
http://makasboutique.com,IAB24
http://medical.rossu.edu,IAB24
http://mhs2go.com,IAB24
http://mitto.lt,IAB24
http://mohr-mcpherson.com,IAB24
http://mycityspaces.com,IAB24
http://newschoolinfo.org,IAB24
http://normanfostercarpets.co.uk,IAB24
http://nucara.com,IAB24
http://odenveterinary.com,IAB24
http://okilucky.com,IAB24
http://panasonictoughbook.in,IAB24
http://stopthemop.com,IAB24
http://texman.pl,IAB24
http://thefirmformen.com,IAB24
http://thewickertreelangley.com,IAB24
http://tiege.com,IAB24
http://univistainsurance.com,IAB24
http://valetparkofamerica.com,IAB24
http://vantasticbarbershop.com,IAB24
http://vivhair.co.uk,IAB24
http://yourhealthyourtimeyourway.com.au,IAB24
http://a-b63.ru,IAB24
http://allegro.de,IAB24
http://artmaster.kiev.ua,IAB24
http://baohonambinh.com,IAB24
http://bathtubtesting.com,IAB24
http://bergstromneenah.com,IAB24
http://casinodesdunes.com,IAB24
http://denta.lt,IAB24
http://detroitmountain.com,IAB24
http://digirad.com,IAB24
http://dufy.cz,IAB24
http://dunwiddie.com,IAB24
http://erebosdrink.cz,IAB24
http://escoltrix.com,IAB24
http://heromic.se,IAB24
http://howard-hotels.com,IAB24
http://kampanj.kombilotteriet.se,IAB24
http://kinetixtrainingandfitness.com,IAB24
http://kiwiwealth.co.nz,IAB24
http://lavilladulac.com,IAB24
http://maailmalampo.fi,IAB24
http://meghavispa.com,IAB24
http://migrateto.net,IAB24
http://nwcarpenters.org,IAB24
http://nycvintageshop.com,IAB24
http://ocmulgeearts.com,IAB24
http://parisian.co.uk,IAB24
http://postgrad.rmit.edu.au,IAB24
http://projectnorest.com,IAB24
http://rawgarciniasupplements.com,IAB24
http://rcdmh.org,IAB24
http://shadecustomtint.com,IAB24
http://sklypaikalnenuose.lt,IAB24
http://stagnes.com,IAB24
http://sudburycu.com,IAB24
http://teensmobiliario.com,IAB24
http://thethomsonteam.com,IAB24
http://travelor.me,IAB24
http://twintec.com,IAB24
http://unclecu.org,IAB24
http://varianse.com,IAB24
http://veterinariosourense.com,IAB24
http://wehotel.co.kr,IAB24
http://zarownymotors.com,IAB24
http://125outubro.com,IAB24
http://appetitelearning.com,IAB24
http://autocollisionsantacruz.com,IAB24
http://avtospasateli38.ru,IAB24
http://bhs1.com,IAB24
http://bilete.ro,IAB24
http://blivtilnoget.dk,IAB24
http://bluematchrealty.com,IAB24
http://brushtruckskids.com,IAB24
http://buffingtonhomesar.com,IAB24
http://buildingblockscounseling.com,IAB24
http://clinicadaobesidade.com.br,IAB24
http://corpusoasis.com,IAB24
http://cpcbehavioral.org,IAB24
http://direct-energie-le-blog.com,IAB24
http://dryfiretrainingcards.leadpages.co,IAB24
http://e-abm.com,IAB24
http://garagedoorstucson.com,IAB24
http://halmek.co.jp,IAB24
http://harmonet.hu,IAB24
http://instaltv.cz,IAB24
http://kiaoflaurelms.com,IAB24
http://kinmukan-interval.info,IAB24
http://m3mindia.com,IAB24
http://magiclightbulbs.com,IAB24
http://marshallfredericks.org,IAB24
http://metalshop.de,IAB24
http://montishoes.ro,IAB24
http://naszasciana.com,IAB24
http://nettolager.dk,IAB24
http://novex.ca,IAB24
http://omega-pharma.be,IAB24
http://pispa.fi,IAB24
http://plasticsurgeonsnyc.com,IAB24
http://primegalaxy.in,IAB24
http://reformasatticopamplona.es,IAB24
http://roadshow-vontobel.finanza.com,IAB24
http://rono.nl,IAB24
http://simba.co.za,IAB24
http://skyward.io,IAB24
http://stevenkia.com,IAB24
http://store.projectyourself.com,IAB24
http://support.pancan.org,IAB24
http://surplusherbys.com,IAB24
http://tampa-allegra.com,IAB24
http://thai-me.com,IAB24
http://toolsbr.com.br,IAB24
http://trovoacademy.com,IAB24
http://vapecraftinc.com,IAB24
http://voicejockeys.com,IAB24
http://123gohypotheque.ca,IAB24
http://4u2eat.com,IAB24
http://burbank.ca.us,IAB24
http://caresta.ro,IAB24
http://centauroportoes.com.br,IAB24
http://charlottehomeandlandscapeshow.com,IAB24
http://credital.lt,IAB24
http://dbdpet.com,IAB24
http://dealshubb.com,IAB24
http://degree.edi.northwestern.edu,IAB24
http://dellamazda.com,IAB24
http://dirtbikexpress.co.uk,IAB24
http://disneypoolvillas.com,IAB24
http://easterncthearingcenter.com,IAB24
http://gallagherautos.com,IAB24
http://gillsprinting.com,IAB24
http://hotelrhportocristo.com,IAB24
http://jasonswoods.com,IAB24
http://lietuviskaatributika.lt,IAB24
http://mageplaza.com,IAB24
http://mikethompsonrvoffers.com,IAB24
http://mymovingplaces.com,IAB24
http://parnasas.lt,IAB24
http://radio-shop.uk,IAB24
http://resourcespace.com,IAB24
http://roamandboard.us,IAB24
http://rohricheuropeanmotors.com,IAB24
http://rollosmarine.co.nz,IAB24
http://rud.mx,IAB24
http://tainavi-biz.com,IAB24
http://themotorcoachresort.com,IAB24
http://toyota.comj,IAB24
http://toyotasantafe.mx,IAB24
http://transaction-boulangerie.com,IAB24
http://urbannirvana.com,IAB24
http://wwsys.in,IAB24
http://24assets.com,IAB24
http://afs.net,IAB24
http://andersonsplantnutrient.com,IAB24
http://avalonford.com,IAB24
http://bitsadmission.com,IAB24
http://bodytreatmedboutique.com,IAB24
http://bulkmemorycards.com,IAB24
http://canadabuildingdentalgroup.com,IAB24
http://cfvh.rn-careers.com,IAB24
http://chooseaaronservices.com,IAB24
http://codaastreetfair.com,IAB24
http://come2.fi,IAB24
http://coolskinarg.com,IAB24
http://cursodearcondicionado.org,IAB24
http://dealbanana.ch,IAB24
http://europeanexchange.com,IAB24
http://freeridemotorcycles.com,IAB24
http://grupoaval.com,IAB24
http://imditecestudio.es,IAB24
http://iphonereparation.se,IAB24
http://jjshouse.ch,IAB24
http://keystonebathcompany.com,IAB24
http://klasinskiclinic.com,IAB24
http://makmax.com.au,IAB24
http://marquisloscabos.com,IAB24
http://mississaugahonda.com,IAB24
http://mtsint.com,IAB24
http://mygafasdesol.com,IAB24
http://neored.co,IAB24
http://newellplumbingandheating.net,IAB24
http://noval-achat-bois.fr,IAB24
http://nstreetlincoln.com,IAB24
http://octaidn.com,IAB24
http://oktoberfestpakjes.nl,IAB24
http://otoshops.com,IAB24
http://pneufast.com.br,IAB24
http://polyfurniturestore.com,IAB24
http://printercloud.com,IAB24
http://rezidenceduo.cz,IAB24
http://shieldipm.com,IAB24
http://tetragon.ca,IAB24
http://thelandscapeomaha.org,IAB24
http://theurbannewtown.com.au,IAB24
http://tiethis.com,IAB24
http://tradesmenofne.com,IAB24
http://trouver1terrain.fr,IAB24
http://truegloryhair.com,IAB24
http://tvilab.com,IAB24
http://alpinerentalshop.com,IAB24
http://anphabe.com,IAB24
http://applyatcanes.com,IAB24
http://astralnutrition.com,IAB24
http://bluepointyoga.com,IAB24
http://buenavistasuites.com,IAB24
http://bunburypools.com.au,IAB24
http://climatezone.biz,IAB24
http://contractorshomeappliances.com,IAB24
http://cypressindustries.com,IAB24
http://dotykovka.cz,IAB24
http://ecchorights.com,IAB24
http://elzap.pl,IAB24
http://fayettevilledogtrainer.com,IAB24
http://fxcapraracdjrofwatertown.com,IAB24
http://idoxgroup.com,IAB24
http://junkittoday.ca,IAB24
http://kemrex.com,IAB24
http://key2options.com,IAB24
http://liecivekonope.sk,IAB24
http://listowelford.com,IAB24
http://lumedx.com,IAB24
http://magnetite.com,IAB24
http://mcfallmasonry.com,IAB24
http://miamiseaplane.com,IAB24
http://moxiesolar.com,IAB24
http://oreitravel.com,IAB24
http://organikhaberlesme.com.tr,IAB24
http://pairofshoes.com,IAB24
http://podlahyvesna.cz,IAB24
http://redsappliance.com,IAB24
http://rolfprima.com,IAB24
http://sevona-tranquility.com,IAB24
http://sgsteelservicesfl.com,IAB24
http://shopzone.lt,IAB24
http://soul-cycle.com,IAB24
http://speakwell.ua,IAB24
http://summervilleymca.org,IAB24
http://sunpowerbyinfinitysolar.co,IAB24
http://sutterlakeapts.com,IAB24
http://tsamparouxalaki.gr,IAB24
http://twago.nl,IAB24
http://txcasa.org,IAB24
http://usofa.vn,IAB24
http://utility1source.com,IAB24
http://vinke.fi,IAB24
http://voeminasgerais.com.br,IAB24
http://4her.nu,IAB24
http://afurastore.com,IAB24
http://airdragondeal.com,IAB24
http://akeneo.com,IAB24
http://allstate019291.com,IAB24
http://barefootgolf.com,IAB24
http://bociengineering.com,IAB24
http://boldtuesday.com,IAB24
http://demandjump.com,IAB24
http://dromlagret.se,IAB24
http://e-stogobagazines.lt,IAB24
http://fingerlakesdental.com,IAB24
http://greatoutdoorssuperstore.co.uk,IAB24
http://hostess.it,IAB24
http://knithouse.dk,IAB24
http://kobelcoconexpo.com,IAB24
http://kostiumustilius.lt,IAB24
http://labarberiainstitute.com,IAB24
http://lavprisolie.dk,IAB24
http://lhm-hotels.com,IAB24
http://licenciaslegales.eu,IAB24
http://livingtodayfurniture.com,IAB24
http://logicdesign.co.uk,IAB24
http://mainstreettoysmt.com,IAB24
http://mdland.com.vn,IAB24
http://michaelsonthelake.com,IAB24
http://militaryhippie.com,IAB24
http://montessori-pleasanton.com,IAB24
http://myadvhc.com,IAB24
http://nejlepsitelevize.cz,IAB24
http://perrknight.com,IAB24
http://porches.com,IAB24
http://probioticsone.com,IAB24
http://promanplus.sk,IAB24
http://pureformen.com,IAB24
http://solid55.com,IAB24
http://strops.sk,IAB24
http://thechurch.ie,IAB24
http://thedockgulfport.com,IAB24
http://thomastonsb.com,IAB24
http://tigerrags.com,IAB24
http://towels-wholesale.co.uk,IAB24
http://uk-store.acer.com,IAB24
http://urgence-grandeligned.fr,IAB24
http://viodc.com,IAB24
http://your-kangaroo-travel.com,IAB24
http://zunftkleidung-shop.de,IAB24
http://agentinottawa.com,IAB24
http://airandstyle.com,IAB24
http://allstate033044.com,IAB24
http://benzerworld.com,IAB24
http://bigtexstone.com,IAB24
http://bosglobal.com,IAB24
http://caroffersonline.com,IAB24
http://ccnm.edu,IAB24
http://clashroyale.co.kr,IAB24
http://classrentacar.es,IAB24
http://columnsgalore.com,IAB24
http://defensatotal.com,IAB24
http://duralstores.gr,IAB24
http://dutchhausfurniture.com,IAB24
http://emind.co,IAB24
http://extrohotels.com,IAB24
http://foxrothschild.com,IAB24
http://geekthology.com,IAB24
http://gigrev.com,IAB24
http://grafstroms.com,IAB24
http://guildcare.org,IAB24
http://ifmoneymatters.com,IAB24
http://ikvergelijk.nu,IAB24
http://independentlic.com,IAB24
http://investcyprus.eu,IAB24
http://kens.com,IAB24
http://keresomarketingugynokseg.hu,IAB24
http://kingscourtyardinn.com,IAB24
http://lawfirmsites.com,IAB24
http://learn.glion.edu,IAB24
http://marklunds.se,IAB24
http://mashurgentcare.com,IAB24
http://mbconventioncentre.com,IAB24
http://meatline.co.uk,IAB24
http://missionmitsubishi.com,IAB24
http://moneyhillinteriors.com,IAB24
http://motoolej.eu,IAB24
http://mssolutions.ca,IAB24
http://myreggaewine.com,IAB24
http://nvwtv.com.tw,IAB24
http://oze-biomar.pl,IAB24
http://polishtvcompany.com,IAB24
http://pronutrilon.com,IAB24
http://puntobahiaeventos.com.ar,IAB24
http://rainwaterconferencecenter.com,IAB24
http://rampup2017.com,IAB24
http://rhinoshield.io,IAB24
http://rocketgamez.com,IAB24
http://ruppfurniture.com,IAB24
http://salabka.cz,IAB24
http://sanovadermatology.com,IAB24
http://service-catholique-funerailles-versailles.fr,IAB24
http://skup-zlomu.waw.pl,IAB24
http://stavebni-pouzdro.cz,IAB24
http://szambabetonowe-septic.pl,IAB24
http://teleopti.com,IAB24
http://thefifthfood.com,IAB24
http://theminda.com,IAB24
http://tkmkt.com,IAB24
http://wabano.com,IAB24
http://zhongji.ru,IAB24
http://aamcowaldorfmd.com,IAB24
http://apollohotelgroningen.nl,IAB24
http://bandito.com.tr,IAB24
http://bluecobrands.com,IAB24
http://blumarine.com,IAB24
http://bobcatofaccomac.com,IAB24
http://brandavenue.rakuten.co.jp,IAB24
http://carepartners-countryterrace.com,IAB24
http://deltadentalia.com,IAB24
http://diddl-shopping.de,IAB24
http://discoverroatan.net,IAB24
http://excelsiorseattle.com,IAB24
http://formax.hk,IAB24
http://get.blog,IAB24
http://gilmoursports.com,IAB24
http://habtoorcitydubai.com,IAB24
http://harrchryslerjeepdodge.net,IAB24
http://havluna.com,IAB24
http://hdoutlets.com,IAB24
http://iemand.nl,IAB24
http://ihale.com.tr,IAB24
http://imaginables.com,IAB24
http://janettecarrolldds.com,IAB24
http://kendinyonet.com,IAB24
http://lamparaseiluminacion.com,IAB24
http://missmary.se,IAB24
http://motovario.com.mx,IAB24
http://msdentists.com,IAB24
http://new.acafe.org.br,IAB24
http://packsimply.com,IAB24
http://pantofi-trendy.ro,IAB24
http://penthouse45.com,IAB24
http://quincymedgroup.com,IAB24
http://raficon.ro,IAB24
http://regencyatwoodland.com,IAB24
http://skultuna.com,IAB24
http://sofed.fr,IAB24
http://sparkasse-unnakamen.de,IAB24
http://superglidewardrobes.co.uk,IAB24
http://thehottubcompany.co.uk,IAB24
http://thetimeshareexitattorneys.com,IAB24
http://vermonthistory.org,IAB24
http://volvovancouver.ca,IAB24
http://woodenjunglegyms.co.za,IAB24
http://worldwide.com,IAB24
http://yoshi.co.uk,IAB24
http://zackacademy.com,IAB24
http://aderraapts.com,IAB24
http://allstate044533.com,IAB24
http://arthrobello.at,IAB24
http://astech.com,IAB24
http://atlbuckheadmeetings.com,IAB24
http://azurembark.com,IAB24
http://berkeleyclinic.com,IAB24
http://bioxica.com,IAB24
http://bluebellcc.com,IAB24
http://bmw-gady-graz-nord.at,IAB24
http://budujmase.pl,IAB24
http://bullmarketgifts.com,IAB24
http://carsburgas.com,IAB24
http://chicofurniture.com,IAB24
http://cphhighline.dk,IAB24
http://creabul.fr,IAB24
http://cyberadapt.com,IAB24
http://domylany.cz,IAB24
http://eagle-ev.com,IAB24
http://eco-works.jp,IAB24
http://facialreflexologyschool.com,IAB24
http://findhotel.nl,IAB24
http://hipp.hr,IAB24
http://historichotelsofeurope.com,IAB24
http://hotelre.com,IAB24
http://houseables.com,IAB24
http://houserroofingtx.com,IAB24
http://loginfaster.com,IAB24
http://m.nokair.com,IAB24
http://mainstayhotelnewport.com,IAB24
http://marked.kampagne.volkswagen.dk,IAB24
http://niecodzienni.pl,IAB24
http://otranslations.com,IAB24
http://pablolawpc.com,IAB24
http://palmbeachhistoricinn.com,IAB24
http://pancardexpress.com,IAB24
http://parkhotelturku.fi,IAB24
http://pendryhotels.com,IAB24
http://petersdrilling.com,IAB24
http://petfairasia.com,IAB24
http://prxperformance.com,IAB24
http://righttoyotaparts.com,IAB24
http://royalblueresort.de,IAB24
http://savremena-gimnazija.edu.rs,IAB24
http://sertasimmons.com,IAB24
http://singaporetourismawards.com,IAB24
http://smartascenseurdemaison.be,IAB24
http://southfieldqualitycars11.com,IAB24
http://starlitesmile.com,IAB24
http://sunnytaxllc.com,IAB24
http://superfitnessladies.com,IAB24
http://theppigroup.com,IAB24
http://tiemannlawfirm.com,IAB24
http://weddingstudios.photography,IAB24
http://williammills.com,IAB24
http://winedirect.com,IAB24
http://1.ticketmaster.com,IAB24
http://1000speerbywindsor.com,IAB24
http://123freeavatars.com,IAB24
http://7cs-card.jp,IAB24
http://accidentlawyers4u.co.uk,IAB24
http://allstate059500.com,IAB24
http://andersonregional.org,IAB24
http://arroyowalk.com,IAB24
http://austwidecoaches.com.au,IAB24
http://bay-cities.com,IAB24
http://cegeplimoilou.ca,IAB24
http://chartstables.co.uk,IAB24
http://citypointebeauty.com,IAB24
http://cogswellmotors.com,IAB24
http://coldsawbladestore.com,IAB24
http://constructionsmetalliquesnogues-stfargeau.fr,IAB24
http://continentalproducts.com,IAB24
http://e-roti.ro,IAB24
http://esoria.cz,IAB24
http://extyl-pro.ru,IAB24
http://firstdistribution.co.za,IAB24
http://gourmetchalet.com,IAB24
http://hofer.lsapps.at,IAB24
http://ibis-osnabrueck.de,IAB24
http://info.mmitnetwork.com,IAB24
http://kamadoexpress.nl,IAB24
http://krazy4baby.com,IAB24
http://luxoptica.ua,IAB24
http://ma-pause-fruit.fr,IAB24
http://millecollines.rw,IAB24
http://nelsonhallelimpark.org,IAB24
http://nomatic.com,IAB24
http://orionhomeimprovements.com,IAB24
http://popcornsupply.com,IAB24
http://positanohomes.com,IAB24
http://promocionesdiunsa.com,IAB24
http://quicksafes.com,IAB24
http://rejsy.pl,IAB24
http://sandwautoparts.com,IAB24
http://santamaria.com,IAB24
http://special.qoo10.sg,IAB24
http://stapleton-law.com,IAB24
http://stopvw.pl,IAB24
http://topspinct.it,IAB24
http://trintellixhcp.com,IAB24
http://uhmidtown.com,IAB24
http://us.deuscustoms.com,IAB24
http://viaspar.se,IAB24
http://weatherguard-roofing.com,IAB24
http://wharf.ky,IAB24
http://woodlands.houstonmethodistcareerevents.com,IAB24
http://wspwheels.com,IAB24
http://xinxinggratings.com,IAB24
http://actdustcollectors.com,IAB24
http://aerlp.main.jp,IAB24
http://alpha-ceiling.com,IAB24
http://anandvanresorts.com,IAB24
http://angelakrauselincoln.com,IAB24
http://animabassin.com,IAB24
http://ankermann.com,IAB24
http://babybasic.co.il,IAB24
http://berteksystems.com,IAB24
http://blaze-leather.com,IAB24
http://bookingexperts.nl,IAB24
http://cabinetolivier.com,IAB24
http://caribbeanvillashotel.com,IAB24
http://carrxerox.com,IAB24
http://charlestontranedealer.com,IAB24
http://chemdryokcedmond.com,IAB24
http://dublinhouseboutique.com,IAB24
http://egosbi.com,IAB24
http://etpowersports.com,IAB24
http://familymattershc.com,IAB24
http://fbmcafoosparts.com,IAB24
http://financemakers.com,IAB24
http://fitness1gym.com,IAB24
http://fleisherforensics.com,IAB24
http://foreva.com.ar,IAB24
http://getcmra.com,IAB24
http://getibooks.com,IAB24
http://gregsweet.com,IAB24
http://hamecher.fr,IAB24
http://hivtestny.org,IAB24
http://immobilier-vitre.net,IAB24
http://infinitiofgrandrapids.com,IAB24
http://inspiranzadesigns.com,IAB24
http://jammaymay.com.my,IAB24
http://kanuf.es,IAB24
http://levitanrealty.com,IAB24
http://lodha-amara.co,IAB24
http://lonepinehotel.com,IAB24
http://lungotime.dk,IAB24
http://modernpioneer.com,IAB24
http://mountain-gorilla.cz,IAB24
http://myfashion.gr,IAB24
http://norwood-hotel.com,IAB24
http://ntxtools.com,IAB24
http://oakbendmedcenter.org,IAB24
http://paiza.jp,IAB24
http://pickyourpart.com,IAB24
http://pipelinesupply.com,IAB24
http://projedefirsat.com,IAB24
http://pulsefit.bg,IAB24
http://reavita.lt,IAB24
http://robofun.ro,IAB24
http://rvland.com,IAB24
http://rxbar.com,IAB24
http://sabanconcerts.com,IAB24
http://sinorides.com,IAB24
http://snowgirljapan.com,IAB24
http://synottip.lv,IAB24
http://thecreekbyconcert.com,IAB24
http://thegmpharm.co.kr,IAB24
http://thehandycane.com,IAB24
http://threadandfashion.com,IAB24
http://uniqueoutdoortx.com,IAB24
http://uns-sport.cz,IAB24
http://vpmpropertymanagement.com,IAB24
http://abecedapc.cz,IAB24
http://actil.se,IAB24
http://amatos.com,IAB24
http://amga.org,IAB24
http://catalyst-finance.com,IAB24
http://cookvw.com,IAB24
http://cornerstoneperio.com,IAB24
http://daohaisan.vn,IAB24
http://decoradesign.ro,IAB24
http://getbutcherbox.com,IAB24
http://goodwil.org,IAB24
http://grandsolmarresort.com,IAB24
http://insectashoes.com,IAB24
http://jamba.gr,IAB24
http://jomalone.eu,IAB24
http://kappatur.com,IAB24
http://koeppelautogroup.com,IAB24
http://korowa.vic.edu.au,IAB24
http://lesasdelareussite.com,IAB24
http://libero.hu,IAB24
http://livecbeechauburn.com,IAB24
http://mapescanopies.com,IAB24
http://microbiolab.gr,IAB24
http://ndcmini.com,IAB24
http://otozegarki,IAB24
http://poplarsprings.com,IAB24
http://schielandborsboom.nl,IAB24
http://sdgtrailers.com,IAB24
http://softwareplacement.com,IAB24
http://stopp-wilderei-weltweit.de,IAB24
http://studio2nashville.com,IAB24
http://tagishli.co.il,IAB24
http://thebarefoot.com,IAB24
http://theinvestment.guru,IAB24
http://travelmap.cz,IAB24
http://turnpikecarsales.com,IAB24
http://uk.schoolofrockthemusical.com,IAB24
http://veejays.com.au,IAB24
http://vw.volkswagen.com.my,IAB24
http://watchex.ca,IAB24
http://abzac.ro,IAB24
http://addicottroofing.com,IAB24
http://alquilovers.com,IAB24
http://antpro.be,IAB24
http://askthiswhen.com,IAB24
http://astonmartinofaustin.com,IAB24
http://beneq.com,IAB24
http://bettervisionforlife.com,IAB24
http://bigdatatechwarsaw.eu,IAB24
http://caymanenterprisecity.com,IAB24
http://chronovtc.com,IAB24
http://citygatesusa.com,IAB24
http://cmart.co.th,IAB24
http://commercialfuelsolutions.co.uk,IAB24
http://coventry.hu,IAB24
http://crownhotels.com.au,IAB24
http://designville.sk,IAB24
http://digestore-faber.cz,IAB24
http://empressangkor.com,IAB24
http://executivehotel-panama.com,IAB24
http://fearthedeere.com,IAB24
http://filmsupply.com,IAB24
http://findbank.dk,IAB24
http://firstcoastcpa.com,IAB24
http://greatharvest.com,IAB24
http://gstrackme.us,IAB24
http://guyson.com,IAB24
http://hansenagriplacement.com,IAB24
http://hotelovydumareal.cz,IAB24
http://inductionlightingfixtures.com,IAB24
http://informacionvelalasagabaster.com,IAB24
http://kamko.bg,IAB24
http://kraemer.at,IAB24
http://landmarkhumboldt.com,IAB24
http://lng-usa.com,IAB24
http://localnona.com,IAB24
http://martinellishop.com.br,IAB24
http://moonshinerods.com,IAB24
http://mourtzi.com,IAB24
http://nelsonspowerhouse.com,IAB24
http://pressxchange.com,IAB24
http://reiaaustin.com,IAB24
http://reserveglobalselect.com,IAB24
http://rgvfootcare.com,IAB24
http://smartechonline.com,IAB24
http://spigogroup.com,IAB24
http://starsaat.com,IAB24
http://stozzon.de,IAB24
http://syncplify.me,IAB24
http://tb.zt.ua,IAB24
http://tobusports.co.jp,IAB24
http://umarai.lt,IAB24
http://unilokataplus.pl,IAB24
http://valenzuela-abogados.net,IAB24
http://vas-trained.com,IAB24
http://waynesbike.com,IAB24
http://weblio.jp,IAB24
http://wholesaletireinc.com,IAB24
http://ypo.org.uk,IAB24
http://yulio.com,IAB24
http://