url,category
http://allaccesssummer.com,iab1
http://anamericaninparisbroadway.com,iab1
http://bouquettv.mobi,iab1 
http://edintattoo.co.uk,iab1 
http://epicreads.com,iab1
http://exodusgodsandkings.com,iab1 
http://freeviewnz.tv,iab1
http://fyi.tv,iab1 
http://gvtmusic.com.br,iab1
http://hartford.com,iab1 
http://hooq.tv,iab1
http://lp.musicboxnewtab.com,iab1
http://madman.co.nz,iab1
http://marveluniverselive.ca,iab1
http://mcdafterdark.com,iab1 
http://mixmag.net,iab1 
http://mrholmesfilm.com,iab1 
http://musicrobot.co.uk,iab1 
http://mview.com,iab1
http://pizzawithwriters.com,iab1 
http://rickymartin.com,iab1
http://sail.nyc.com,iab1 
http://sharkweek.com,iab1
http://snappylane.com,iab1 
http://southpawfilm.com,iab1 
http://stofa.dk,iab1 
http://teatroportoseguro.com.br,iab1 
http://tickets.royalcollection.org.uk,iab1 
http://trend.alcro.se,iab1 
http://univision.net,iab1
http://warnermusic.ca,iab1 
http://515alivefestival.com,iab1 
http://80s90srun.com,iab1
http://888seats.com,iab1 
http://absolutebrightnessplay.com,iab1 
http://accentlyrics.com,iab1 
http://acmi.net.au,iab1
http://adelphi.londontheatres.co.uk,iab1 
http://adlertheatre.com,iab1 
http://adventuresofpussinboots.com,iab1
http://altonlittletheater.org,iab1 
http://appsummer.org,iab1
http://arthurmurray.com,iab1 
http://artomotive.org,iab1 
http://attpac.org,iab1 
http://audiotech.com,iab1
http://auroraworthdiscovering.com,iab1 
http://barclayscenter.com,iab1 
http://barnesfoundation.org,iab1 
http://barrowstreettheatre.com,iab1
http://basshall.com,iab1 
http://batalladebandas.movistar.com.ar,iab1
http://bellinghamfestival.org,iab1 
http://biennialoftheamericas.org,iab1
http://binmaster.com,iab1
http://blog.optus.com.au,iab1
http://bobproctorsabcsofsuccess.com,iab1 
http://borderbattleweekend.com,iab1
http://bouzoukigreektown.com,iab1
http://brainstorm.youtab.me,iab1 
http://breckcreate.org,iab1
http://cablevision.com.ar,iab1 
http://calbrewfest.com,iab1
http://campjam.com,iab1
http://carolinatheatre.com,iab1
http://carrotfest.ca,iab1
http://catamountarts.org,iab1
http://cedarparkcenter.com,iab1
http://celebratefrederick.com,iab1 
http://centerstagepianos.com,iab1
http://chicagoevents.com,iab1
http://chiquitapromotion.com,iab1
http://christmastickets.com,iab1 
http://cincinnatiarts.org,iab1 
http://cincymuseum.org,iab1
http://cinefish.bg,iab1
http://coastalantenna.com.au,iab1
http://coloradostatefair.com,iab1
http://columbusmakesart.com,iab1 
http://compassroseevents.com,iab1
http://concerts.levittamp.org,iab1 
http://conservative.daily.com,iab1 
http://consolenergycenter.com,iab1 
http://countryjamwi.com,iab1 
http://coupedance.com,iab1 
http://cpnboxoffice.com,iab1 
http://csphilharmonic.org,iab1 
http://culturedays.ca,iab1 
http://cutterandcutter.com,iab1
http://dbqfair.com,iab1
http://debbiehowells.com,iab1
http://delawarejunctionfestival.com,iab1 
http://dentonfarmpark.com,iab1 
http://denverconvention.com,iab1 
http://desmoinesartcenter.org,iab1 
http://dfwbroadway.com,iab1
http://dixiestampede.com,iab1
http://douglascountyfairandrodeo.com,iab1
http://dpacnc.com,iab1 
http://dragoncon.org,iab1
http://draisnightlife.com,iab1 
http://draytonhall.org,iab1
http://dts.com,iab1
http://ebrpl.com,iab1
http://edmontonairshow.com,iab1
http://eikichiyazawa.com,iab1
http://elevationpictures.com,iab1
http://elvismesquite.com,iab1
http://enterexhibitm.com,iab1
http://epg.sky.com,iab1
http://expo2015.org,iab1 
http://festivaldelsole.org,iab1
http://festivalofthelakes.com,iab1 
http://fiddlermusical.com,iab1 
http://fiestangkalayaan.ca,iab1
http://firelakeboxoffice.com,iab1
http://floridatheatre.com,iab1 
http://foxdigitalhd.com,iab1 
http://freedomfestival.com,iab1
http://funfunfunfest.com,iab1
http://funservicesgr.com,iab1
http://fwmuseum.org,iab1 
http://ghostfleetbook.com,iab1 
http://goldentickets.com,iab1
http://greenemusic.com,iab1
http://gregfrewintheatre.com,iab1
http://gretnatheatre.com,iab1
http://habatat.com,iab1
http://haremfortwayne.com,iab1 
http://hennepintheatretrust.org,iab1 
http://herrie.com,iab1 
http://hollisterconcerts.com,iab1
http://howlatthemoon.com,iab1
http://humancondition.com,iab1 
http://iconconcerts.com,iab1 
http://indosatstore.vuclip.com,iab1
http://indydt.com,iab1 
http://indyfilmfest.org,iab1 
http://intiman.org,iab1
http://italianfestivalofiowa.com,iab1
http://itshouldabeenyou.com,iab1 
http://itsmyseat.com,iab1
http://jamalopolska.pl,iab1
http://jamesbay.com,iab1 
http://jlbourne.com,iab1 
http://jnhillcountry.com,iab1
http://jombazaar.com.my,iab1 
http://jumpatl.com,iab1
http://kallisvisby.se,iab1 
http://keynote2015.com,iab1
http://kidspartyplacemiami.com,iab1
http://kingstongrand.ca,iab1 
http://lafayettebroadway.com,iab1
http://lakemusicfestival.tix.com,iab1
http://lansingartgallery.org,iab1
http://lazerkraze.com,iab1 
http://legendvalleyfestivals.com,iab1
http://lesmiz.com,iab1 
http://levoy.net,iab1
http://lilibird.com,iab1 
http://livelist.com,iab1 
http://livermoreperformingarts.org,iab1
http://ludo.fr,iab1
http://lumiere.be,iab1 
http://macniderart.org,iab1
http://magazinevoce.com.br,iab1
http://magicmikemovie.com,iab1 
http://marriagecanbemurder.com,iab1
http://mccarthypiano.com,iab1
http://meble.bogart.pl,iab1
http://memphisriverfront.com,iab1
http://midlandculturalcentre.com,iab1
http://minnesotahistorycenter.org,iab1 
http://missionimpossiblemovie.com.au,iab1
http://moneypagesfranchising.com,iab1
http://montereyjazzfestival.org,iab1 
http://moogmusic.com,iab1
http://mosaicmoments.ca,iab1 
http://mostatefair.com,iab1
http://movistarchile.tv,iab1 
http://mpt.convio.net,iab1 
http://muny.org,iab1 
http://musicboxfilms.com,iab1
http://musicniagara.org,iab1 
http://muyinteresante.com.mx,iab1
http://mwpai.org,iab1
http://myprocessexpo.com,iab1
http://mysonthewaiter.com,iab1 
http://mysteriouslyyours.com,iab1
http://nashvillesymphony.org,iab1
http://nbtf.org,iab1 
http://neworleans.broadway.com,iab1
http://newportmusic.org,iab1 
http://nexmedia.co.id,iab1 
http://nicovideo.jp,iab1 
http://nitehawkcinema.com,iab1 
http://njstatefair.org,iab1
http://nlracvip.com,iab1 
http://nokturnlevents.com,iab1 
http://nworiboff.com,iab1
http://nymf.org,iab1 
http://ohiochallenge.com,iab1
http://olana.org,iab1
http://omaggio.storiadellalira.it,iab1 
http://omnitheatre.com.sg,iab1 
http://onemusicfest.com,iab1 
http://onlineretailer.com,iab1 
http://operamemphis.org,iab1 
http://oregonairshow.com,iab1
http://orlando.electricdaisycarnival.com,iab1
http://parkcinemas.com,iab1
http://parkwayplayhouse.com,iab1 
http://penguin.com,iab1
http://pennandtelleronbroadway.com,iab1
http://peterpan360.com,iab1
http://pianos.westmusic.com,iab1 
http://player.stv.tv,iab1
http://pollackmovietheaters.com,iab1 
http://portlandopera.org,iab1
http://prairierep.org,iab1 
http://prattlibrary.org,iab1 
http://primepass.club,iab1 
http://promowestlive.com,iab1
http://radiocity.com,iab1
http://ranking.goo.ne.jp,iab1
http://rattlestick.org,iab1
http://readersdigest.de,iab1 
http://redbullflugtag.com,iab1 
http://renobo.com,iab1 
http://r.f.ok.com,iab1 
http://rockinontheriver.com,iab1 
http://rockwellmuseum.org,iab1 
http://rodeooftheozarks.org,iab1 
http://ronpaulupdate.com,iab1
http://rpo.co.uk,iab1
http://rutheckerdhall.com,iab1 
http://saintmichaelsplayhouse.org,iab1 
http://salemfair.com,iab1
http://sdmart.org,iab1 
http://seattle.broadway.com,iab1 
http://seattleartmuseum.org,iab1 
http://service.krone.at,iab1 
http://sfsymphony.org,iab1 
http://showtime.net.au,iab1
http://skypelivestudio.com,iab1
http://skystoreoffers.sky.com,iab1 
http://slightlystoopid.com,iab1
http://smallmiraclestv.com,iab1
http://smart.jcom.co.jp,iab1 
http://smittyscinema.com,iab1
http://sonovente.com,iab1
http://sonymusic.com,iab1
http://sonypictures.at,iab1
http://sonypictures.net,iab1 
http://sourcedinitiatives.fr,iab1
http://spgreno.com,iab1
http://sphe.de,iab1
http://ssjfestival.com,iab1
http://stage.es,iab1 
http://starlitetheatre.com,iab1
http://stcatharinesart.com,iab1
http://stegerdays.com,iab1 
http://stonesexhibitionism.com,iab1
http://studiocanal.de,iab1 
http://studiotheatre.org,iab1
http://subscribe.details.com,iab1
http://summitcountyfair.org,iab1 
http://swissdentfilm.profimed.cz,iab1
http://tacolibredallas.com,iab1
http://theatrearlington.org,iab1 
http://theclaytoncenter.com,iab1 
http://thegallowsmovie.net,iab1
http://thelightvegas.wantickets.com,iab1 
http://themorgan.org,iab1
http://theslowmotionbooth.com,iab1 
http://thetikienergeia.gr,iab1 
http://thewomaninblack.com,iab1
http://thrivesummit.com,iab1 
http://ticketbis.net,iab1
http://ticketleader.ca,iab1
http://tickets.edfringe.com,iab1 
http://tlc.be,iab1 
http://tlc.nl,iab1 
http://toofarmedia.com,iab1
http://top50.whitcoulls.co.nz,iab1 
http://totalentertainment.biz,iab1 
http://tryaudiobooks.com,iab1
http://tvinsider.com,iab1
http://tweedfair.net,iab1
http://uip.com.ar,iab1 
http://unrealtv.co.uk,iab1 
http://upattheo2.co.uk,iab1
http://urbandaletheatre.com,iab1 
http://usperformingarts.com,iab1 
http://utahmoca.org,iab1 
http://utahpioneerdays.com,iab1
http://vencolibrary.org,iab1 
http://video.rakuten.co.jp,iab1
http://waddingtonpartyinthepark.com,iab1 
http://waimeavalley.net,iab1 
http://walnutstreettheatre.org,iab1
http://warnermusic.com.mx,iab1 
http://warnermusictv.co.uk,iab1
http://washingtonfaire.com,iab1
http://wayhome.com,iab1
http://whirlyball.com,iab1 
http://whitewaterrocks.com,iab1
http://wilmingtoncommunityarts.org,iab1
http://woodruffcenter.org,iab1 
http://worldfest.net,iab1
http://wtnzfox43.com,iab1
http://www2.mcachicago.org,iab1
http://xslasvegas.com,iab1 
http://yorksummerfest.com,iab1 
http://zachtheatre.org,iab1
http://zeetvusa.com,iab1 
http://zinio.com,iab1
http://zinzanni.com,iab1 
http://200greatestpaintings.com,iab1 
http://2elearning.com,iab1 
http://a3cfestival.com,iab1
http://abbasolutelyfabbaulous.com,iab1 
http://abo.nouvelobs.com,iab1
http://abo.villmarksliv.no,iab1
http://abracoaching.com.br,iab1
http://abudhabiawards.ae,iab1
http://accooperphotography.com,iab1
http://ackermansfineart.com,iab1 
http://acrobatsofchina.com,iab1
http://advrealm.com,iab1 
http://afar.com,iab1 
http://afrossip.com,iab1 
http://afterschool.ae,iab1 
http://agoodson.com,iab1 
http://aikencenterforthearts.org,iab1
http://aimexperience.com,iab1
http://alexandrapalace.com,iab1
http://allthatdanceme.com,iab1 
http://alongcamemusic.com,iab1 
http://amadorcountyfair.com,iab1 
http://amarillolibrary.org,iab1
http://anacortesartsfestival.com,iab1
http://anactofgod.com,iab1 
http://andsonsmagazine.com,iab1
http://anesamiller.com,iab1
http://apbspeakers.com,iab1
http://arisefestival.com,iab1
http://arlingtonmusicfactory.com,iab1
http://arrowfilms.co.uk,iab1 
http://artsaticc.com,iab1
http://artsbrookfield.com,iab1 
http://artsmia.org,iab1
http://artsviewchildrenstheatre.com,iab1 
http://asiabooks.com,iab1
http://astm.org,iab1 
http://atlanta.broadway.com,iab1 
http://atracaonatural.gpages.com.br,iab1 
http://auburnguitarshoppe.com,iab1 
http://audiobookstand.com,iab1 
http://auraceramics.com,iab1 
http://avemariapress.com,iab1
http://avenuecalgary.com,iab1
http://avenue.privee.com,iab1
http://bachtorockfranchise.com,iab1
http://backwoodsmusicfestival.com,iab1 
http://bagnbaggage.org,iab1
http://barabbastheatre.com,iab1
http://barcelonaparties.com,iab1 
http://bardavon.org,iab1 
http://battleshipnc.com,iab1 
http://bayfrontreggae.com,iab1 
http://bcpl.info,iab1
http://bcptheater.org,iab1 
http://bealdenart.com,iab1 
http://bectero.com,iab1
http://bendnote.com,iab1
http://bennettgalleriesnashville.com,iab1
http://berklee.edu,iab1
http://bernadettemarie.com,iab1
http://bestsounddjia.com,iab1
http://bh.org.il,iab1
http://bigsound.org.au,iab1
http://bigsoundrecordstore.com,iab1
http://biletix.com,iab1
http://bittersoutherner.com,iab1 
http://blairconventioncenter.com,iab1
http://bleumoonproductions.com,iab1
http://blinkist.com,iab1 
http://blinq.allmusic.nl,iab1
http://bliyoo.bruna.nl,iab1
http://blockbuster.dk,iab1 
http://bluegrass.com,iab1
http://boletoslahorca.com,iab1 
http://boltonfair.org,iab1 
http://bookboonglobal.com,iab1 
http://bookcafe.com.my,iab1
http://bookingentertainment.com,iab1 
http://booknet.co.il,iab1
http://bookoff.co.jp,iab1
http://bookpassage.com,iab1
http://books.com.tw,iab1 
http://bouncehousepensacola.com,iab1 
http://bransonshowtickets.com,iab1 
http://bravespiritstheatre.com,iab1
http://breezeevents.com.au,iab1
http://brickfestlive.com,iab1
http://briff.me,iab1 
http://brimfield.com,iab1
http://brincolinesmaribel.com,iab1 
http://broadwaypalm.com,iab1 
http://broward100.org,iab1 
http://bsharpworld.com,iab1
http://bucktrent.com,iab1
http://burnbraedaycamp.com,iab1
http://c2eventz.com,iab1 
http://camarillofiesta.org,iab1
http://caminoabbeyroad.com,iab1
http://campbellsgymnastics1.com,iab1 
http://campustvandsatellites.com,iab1
http://canaltacentre.com,iab1
http://carleoentertainment.com,iab1
http://carnegiemuseums.org,iab1
http://carolinadance.com,iab1
http://carpenterarts.org,iab1
http://carpentersmusic.com,iab1
http://castleoflove.nl,iab1
http://cavendishbeachmusic.com,iab1
http://ccent.info,iab1 
http://celebrateelliotlake.com,iab1
http://celebrityspeakers.co.nz,iab1
http://cesarlozanogirausa.com,iab1 
http://ch.ilovevideo.tv,iab1 
http://chickenfestival.com,iab1
http://childrenstheatre.org,iab1 
http://chinookfest.com,iab1
http://chocolateinformed.com,iab1
http://chomonline.org,iab1 
http://chrysler.org,iab1 
http://cineforum.ro,iab1 
http://cinemacity.ro,iab1
http://cinemalive.com,iab1 
http://cinemaparadiso.co.uk,iab1 
http://circa21.com,iab1
http://circusjuventas.org,iab1 
http://circusoz.com,iab1 
http://civicmusic.org,iab1 
http://clevelandcinemas.com,iab1 
http://clubrisque.com,iab1 
http://cmore.no,iab1 
http://cnm.co.kr,iab1
http://coatofarmsartist.com,iab1 
http://coloradocanyonfun.com,iab1
http://colorsfinearts.com,iab1 
http://comedycentral.tv,iab1 
http://cometogetheritivoli.dk,iab1 
http://compactdiscos.com,iab1
http://connectwithmusic.com,iab1 
http://constantcenter.com,iab1 
http://cordillera.tv,iab1
http://corkanddraft.com,iab1 
http://cornettofest.com,iab1
http://abarth695biposto.com,iab2
http://automalluae.com,iab2
http://autonationchevroletnorth.com,iab2
http://autonationtoyotalasvegas.com,iab2
http://beelinebikes.com,iab2
http://brilliance.pe,iab2
http://calabasasbmwservice.com,iab2
http://carproskiacarson.com,iab2
http://covertchryslerdodgejeepram.com,iab2
http://dfwbmwdealers.com,iab2
http://donjohnsonhaywardmotors.com,iab2
http://duplicolor.com,iab2
http://echopark.com,iab2
http://elgintoyota.com,iab2
http://elkgroveautomall.com,iab2
http://esso.lu,iab2
http://fantasticasaventuras.com,iab2
http://faricy.com,iab2
http://fcacanada.ca,iab2
http://firestonecountry.com,iab2
http://gatewaybuickgmc.com,iab2
http://gotivoli.com,iab2
http://gte.volkswagen.de,iab2
http://hannahsubaru.com,iab2
http://hileyhyundai.com,iab2
http://holidayautogroup.com,iab2
http://infiniti.mx,iab2
http://jackmaxton.com,iab2
http://justdrive.tv,iab2
http://kiacr.com,iab2
http://lexus.eu,iab2
http://lincolnzm.mx,iab2
http://maseratibaltimore.com,iab2
http://monroesuperstore.com,iab2
http://multivan.com.au,iab2
http://newcenturybmw.com,iab2
http://nissan.co.nz,iab2
http://nissan.ie,iab2
http://pittsburghaudidealers.com,iab2
http://pureplus.shell.com,iab2
http://quicklaneservicespecials.com,iab2
http://richmondacuradealers.com,iab2
http://sbtjapan.com,iab2
http://sconacyclehonda.com,iab2
http://shortlinesubaru.com,iab2
http://tomwoodaudiofindianapolis.com,iab2
http://triumphmotorcycles.co.uk,iab2
http://veladiferencia.com,iab2
http://vernonautogroup.com,iab2
http://wilsontoyota.com,iab2
http://yourchevy.com,iab2
http://1eliteauto.com,iab2
http://405motors.com,iab2
http://4riversequipment.com,iab2
http://5starchevrolet.com,iab2
http://60ans.driveds.com,iab2
http://abcauto.com,iab2
http://abcautoelectronics.com,iab2
http://aceautobett.com,iab2
http://acmotorsminnesota.com,iab2
http://acura.mx,iab2
http://acurabymcgrath.com,iab2
http://acuracolumbus.com,iab2
http://acuraofserramonte.com,iab2
http://acuraofthousandoaks.com,iab2
http://advanceadapters.com,iab2
http://advancedautosuperstore.com,iab2
http://adventurervctr.com,iab2
http://aerotectfilms.com,iab2
http://airportmarine.com,iab2
http://aktmotos.com.co,iab2
http://alansautocoloradosprings.com,iab2
http://albericgm.com,iab2
http://allstarhonda.com,iab2
http://allstarqualityglass.com,iab2
http://allstatetrucks.com,iab2
http://alpinebearing.com,iab2
http://altagroup.ca,iab2
http://anaheimmercedes.com,iab2
http://andersoncdlogansport.com,iab2
http://andersonfordmazda.com,iab2
http://andrewsdodge.com,iab2
http://andymohrbg.com,iab2
http://antietamtractor.net,iab2
http://antwerpenhyundaiclarksville.com,iab2
http://antwerpentoyota.com,iab2
http://apexcycle.ca,iab2
http://appleleasing.com,iab2
http://applesi.com,iab2
http://approvedbyryan.com,iab2
http://armorygarage.net,iab2
http://arnoldchevroletbuick.com,iab2
http://arrigoftpierce.com,iab2
http://ashevillechevydlr.com,iab2
http://atchinson.net,iab2
http://atlantabmw.com,iab2
http://atlantaforklifts.com,iab2
http://atlantausedcarsmarietta.com,iab2
http://atlanticinfiniti.com,iab2
http://attrelltoyota.com,iab2
http://atwoodlakeboats.com,iab2
http://aubreyalexandertoyota.com,iab2
http://auburngear.com,iab2
http://audiannarbor.com,iab2
http://audiatlanta.com,iab2
http://audiburlingame.com,iab2
http://audifreehold.com,iab2
http://audihampton.com,iab2
http://audineworleans.com,iab2
http://audipaloalto.com,iab2
http://audipembrokepines.com,iab2
http://audisouthaustin.com,iab2
http://austininfiniti.com,iab2
http://austinsubaru.com,iab2
http://auto.ru,iab2
http://autobarnvwelite.com,iab2
http://autobellonline.com,iab2
http://autocreditsales.com,iab2
http://autodepotsudbury.ca,iab2
http://autogalleryinc.com,iab2
http://autogearok.com,iab2
http://autoholding.us,iab2
http://automallyonkers.com,iab2
http://automarketofflorida.com,iab2
http://automaxxcalgary.com,iab2
http://automobilebavaria.ro,iab2
http://automobiles.honda.v2.uptracs.com,iab2
http://automotiveprocare.com,iab2
http://autonationbuickgmcparkmeadows.com,iab2
http://autonationbuickgmcwest.com,iab2
http://autonationchevroletarrowhead.com,iab2
http://autonationchevroletgilbert.com,iab2
http://autonationfordtorrance.net,iab2
http://autonationhonda104.com,iab2
http://autonationhyundai104.com,iab2
http://autonationinfinititustin.net,iab2
http://autonationmazdaroseville.net,iab2
http://autonationnissanarapahoe.com,iab2
http://autonationnissansouthwest.com,iab2
http://autonationsubaruwest.com,iab2
http://autonationtoyotaarapahoe.com,iab2
http://autonationtoyotairvine.com,iab2
http://autonationtoyotatempe.com,iab2
http://autonationvolvobellevue.com,iab2
http://autonationvolvobellevue.net,iab2
http://autonationvolvosouthbay.net,iab2
http://autoone.ca,iab2
http://autoquestwinnipeg.com,iab2
http://autoselectonline.com,iab2
http://autoshowfl.com,iab2
http://autousatexas.com,iab2
http://autozonemx.com,iab2
http://aylmerkia.com,iab2
http://bagwellmotors.com,iab2
http://bakersvillegarage.com,iab2
http://barbshd.com,iab2
http://bastropdodge.com,iab2
http://bayououtdoor.com,iab2
http://bayridgecjd.com,iab2
http://bayridgetoyota.com,iab2
http://baytownford.com,iab2
http://bayviewauto.ca,iab2
http://beattiedodge.com,iab2
http://beckchryslerdodgejeep.com,iab2
http://bellwasik.com,iab2
http://bendavischevrolet.net,iab2
http://bentleynorthbrook.com,iab2
http://bentonvillecdjr.com,iab2
http://bentonvilleford.com,iab2
http://benzcoloradosprings.com,iab2
http://bergerfamilydealerships.com,iab2
http://berwicklandrover.com.au,iab2
http://bestfordinc.com,iab2
http://betley.com,iab2
http://bettenhausenautomotive.com,iab2
http://betterseeseelye.com,iab2
http://beverlytire.com,iab2
http://big4motorsdealer.com,iab2
http://bigredsonline.net,iab2
http://bigredsports.com,iab2
http://billdodgecadillac.com,iab2
http://billpearcehonda.com,iab2
http://billpearcemotors.com,iab2
http://blackburnmotor.net,iab2
http://bloomingtonchryslerjeep.net,iab2
http://bluespringsmarine.com,iab2
http://bluffpowersports.com,iab2
http://bmw1series.co.za,iab2
http://bmwdesmoines.com,iab2
http://bmwhk.com,iab2
http://bmwnanaimo.ca,iab2
http://bmwofcatonsville.com,iab2
http://bmwoffreeport.com,iab2
http://bmwofidahofalls.com,iab2
http://bmwoflittlerock.com,iab2
http://bmwofmurrieta.com,iab2
http://bmwofroseville.com,iab2
http://bmwofsanantonio.com,iab2
http://bmwofsarasota.com,iab2
http://bmwroswell.com,iab2
http://bmwserviceboulder.com,iab2
http://bmwserviceofberkeley.com,iab2
http://bmwvictoria.ca,iab2
http://boastvw.com,iab2
http://bobbellnissan.com,iab2
http://bobcatofrockford.com,iab2
http://bobferrandofl.com,iab2
http://bobjohnsongm.com,iab2
http://bobmaxeylincoln.com,iab2
http://bobrichardscdjr.com,iab2
http://borcherding.com,iab2
http://boulderhyundai.com,iab2
http://bowdenford.com,iab2
http://bozemanford.com,iab2
http://bradshawacura.com,iab2
http://bradshawinfiniti.com,iab2
http://bradyhyundai.com,iab2
http://bramanbmwwpb.com,iab2
http://brandondodge.com,iab2
http://brentbrowntoyota.com,iab2
http://bretzrv.com,iab2
http://bretzrvidaho.com,iab2
http://broncomotorshyundai.com,iab2
http://brooklynparksubaru.com,iab2
http://brooksbrotherstrailers.com,iab2
http://brothersautotransport.com,iab2
http://browndaubkiapa.com,iab2
http://browningmazda.com,iab2
http://brownnissandelrio.com,iab2
http://brownsdullesnissan.com,iab2
http://brownsmanassaskia.com,iab2
http://brownspreowned.com,iab2
http://brownstoyota.com,iab2
http://brucecavenaugh.com,iab2
http://brucknertruck.com,iab2
http://bsmithbuickgmc.com,iab2
http://budgetforyou.com,iab2
http://budkepowersports.com,iab2
http://buickgmcdealerdesmoines.com,iab2
http://bumpersuperstore.com,iab2
http://butchoustalet.com,iab2
http://butlermachinery.com,iab2
http://buyagrasshopper.com,iab2
http://buyanewchevy.com,iab2
http://buysmp.com,iab2
http://byerlynissan.com,iab2
http://cadillacportland.com,iab2
http://cagaustin.com,iab2
http://callawaychryslerdodgejeepram.com,iab2
http://campbelltractor.com,iab2
http://campersrvcenter.com,iab2
http://canadiantool.com,iab2
http://capitalgmc.ca,iab2
http://capitalhyundai.ca,iab2
http://capitalrv.com,iab2
http://carburanti.esso.it,iab2
http://carcashcanada.com,iab2
http://carlblackroswell.com,iab2
http://carlgregorychryslerjeepdodgeofjohnsoncity.com,iab2
http://carlhoganhonda.com,iab2
http://carpeople.dk,iab2
http://carphoria.com,iab2
http://carproskia.com,iab2
http://carsandpickups.com,iab2
http://carsbuckny.com,iab2
http://cartergm.com,iab2
http://carvillesautomart.com,iab2
http://casanissan.com,iab2
http://catbul.com,iab2
http://cavenaughkia.com,iab2
http://cdjrofwallawalla.com,iab2
http://cedarhillsrepairandtowing.com,iab2
http://cedarlakesales.com,iab2
http://centralcts.com,iab2
http://certifiedoflubbock.com,iab2
http://chaconmazda.com,iab2
http://championcbg.com,iab2
http://chapmanford.com,iab2
http://chariotsofpb.com,iab2
http://charlesgabusford.com,iab2
http://charlotteaudidealers.com,iab2
http://charperautoplexkia.com,iab2
http://checkeredflagjaguar.net,iab2
http://checkeredflagvw.com,iab2
http://cherokeetrikes.com,iab2
http://cherryhilljeep.com,iab2
http://cherryhillmitsubishi.com,iab2
http://cherryhilltriplex.com,iab2
http://chevrolet.cavenderservice.com,iab2
http://chevroletwenatchee.com,iab2
http://chevywyoming.com,iab2
http://chicagoautodepot.com,iab2
http://chicohyundai.com,iab2
http://chiconissan.com,iab2
http://chiefsrv.com,iab2
http://cincinnati.bobsumereltireandservice.com,iab2
http://circlebmw.com,iab2
http://citroen.lu,iab2
http://citroen.ru,iab2
http://cityauto.com,iab2
http://cityautosales.us,iab2
http://clarktire.com,iab2
http://classicharley.com,iab2
http://classychassis.com,iab2
http://clawsonmotorsports.com,iab2
http://clearlakesubaru.com,iab2
http://clemonsinc.com,iab2
http://clevelandkia.com,iab2
http://clintonautogroup.com,iab2
http://cobourghonda.ca,iab2
http://cobourgmazda.com,iab2
http://cochisemotorsports.com,iab2
http://cogginbuickgmc.com,iab2
http://coggindelandhyundai.com,iab2
http://coloradoriversuperstore.com,iab2
http://columbineford.com,iab2
http://commonwealthdodge.com,iab2
http://communitychrysler.com,iab2
http://comtransexpo.ru,iab2
http://connecticutacuradealers.com,iab2
http://cooksvillehyundai.com,iab2
http://corteselincoln.com,iab2
http://costlessautoparts.com,iab2
http://courtesydodgechryslerjeepram.com,iab2
http://courtesynissanoftampa.com,iab2
http://courtesytoyota.com,iab2
http://covinachevrolet.com,iab2
http://cpo.audi.ca,iab2
http://cpo.lexus.jp,iab2
http://cramertoyota.com,iab2
http://crescentford.com,iab2
http://crestfordflatrock.com,iab2
http://crestmonthyundai.com,iab2
http://creviermini.com,iab2
http://crosbyofglynn.com,iab2
http://crosscountrypowersports.com,iab2
http://crossimplement.com,iab2
http://crownhondagreensboro.com,iab2
http://crownnissan.com,iab2
http://crownpointautorepair.com,iab2
http://cthondadealers.com,iab2
http://cumberlandkia.com,iab2
http://cuotafamosa.peugeot.cl,iab2
http://curtissryan.com,iab2
http://cyclemarket.jp,iab2
http://dacia.bg,iab2
http://dacia.ro,iab2
http://dahlstrommotors.com,iab2
http://dallashd.com,iab2
http://darcarswestside.com,iab2
http://davehallchevy.com,iab2
http://davesinclairlincolnsouth.com,iab2
http://davidchev.com,iab2
http://davidsmithautoland.com,iab2
http://dayhyundai.com,iab2
http://degelman.com,iab2
http://demitsubishi.com,iab2
http://detroitbuickgmc.com,iab2
http://detroitlakesford.com,iab2
http://dickdyermercedes.com,iab2
http://dickdyeronline.com,iab2
http://dickplummer.ca,iab2
http://dickshillsborohonda.com,iab2
http://dickshirley.com,iab2
http://discountmotorstexas.com,iab2
http://ditec.no,iab2
http://dkford.com,iab2
http://dohenysupplies.com,iab2
http://donchalmersrro.com,iab2
http://donherringirving.com,iab2
http://donherringplano.com,iab2
http://donmillerbodyshopmadison.com,iab2
http://donvancechrysler.com,iab2
http://donwheaton.com,iab2
http://dougsmithsubaru.com,iab2
http://dowautogroup.com,iab2
http://downtownhyundai.ca,iab2
http://dpaa2.com,iab2
http://draperauto.com,iab2
http://drcolorchip.com,iab2
http://driveds.nl,iab2
http://driveprestigelincoln.com,iab2
http://driveserrakia.com,iab2
http://drivetimeottawa.com,iab2
http://drivewithryan.com,iab2
http://duboishonda.com,iab2
http://dunsheebody.com,iab2
http://dupagechryslerdodgejeepram.com,iab2
http://earlhylesautosales.com,iab2
http://earnhardtmazda.com,iab2
http://eastchesterchryslerjeepdodgeram.com,iab2
http://eastcoastcycle.com,iab2
http://easterniowahondadealers.com,iab2
http://eavtoprokat.ru,iab2
http://ecoparts.com,iab2
http://eddiehillsfuncycles.com,iab2
http://eddysford.com,iab2
http://edmontonbmw.com,iab2
http://eichmazda.com,iab2
http://eichvw.com,iab2
http://elderford.com,iab2
http://eliteacura.com,iab2
http://elmoreno.net,iab2
http://emetroford.com,iab2
http://empirelakewoodnissan.com,iab2
http://epperlytire.com,iab2
http://erickseninfiniti.com,iab2
http://erinmillsautocentre.com,iab2
http://espanol.socalforddealers.com,iab2
http://estabrookford.com,iab2
http://etrucking.com,iab2
http://europeanautoexpo.com,iab2
http://evergreensubaru.com,iab2
http://exclusiveautomotivegroup.com,iab2
http://ezautoandfinance.com,iab2
http://ezkreditautosales.com,iab2
http://fairfaxnissan.com,iab2
http://familyautocentertx.com,iab2
http://familytiredistributors.com,iab2
http://faulknersubaruharrisburg.com,iab2
http://feldmannimports.com,iab2
http://fetteinfiniti.com,iab2
http://fhdailey.com,iab2
http://fiat.se,iab2
http://fiatautogallery.com,iab2
http://fiatusaofftworth.com,iab2
http://fieldsbmworlando.com,iab2
http://fiestamotorsontario.com,iab2
http://findchevydeals.com,iab2
http://findlaypostfalls.com,iab2
http://finninkia.com,iab2
http://firkinsnissan.com,iab2
http://firstacura.com,iab2
http://fisherhonda.com,iab2
http://flautoexchange.com,iab2
http://fleetequip.com,iab2
http://flemingtonaudi.com,iab2
http://flemingtonbuick.com,iab2
http://flemingtonchevrolet.com,iab2
http://flemingtonchryslerjeepdodge.com,iab2
http://flemingtoninfiniti.com,iab2
http://fletcherjonesaudi.com,iab2
http://flopro.com,iab2
http://flowhondawinstonsalem.com,iab2
http://flowtoyotaofstatesville.com,iab2
http://fminow.com,iab2
http://folsombuickgmc.com,iab2
http://folsomlakeauto.com,iab2
http://ford.com.my,iab2
http://ford.ro,iab2
http://fordlouisville.com,iab2
http://fordoffeasterville.com,iab2
http://fordofjenkintown.com,iab2
http://fordofphoenixville.com,iab2
http://forsbergsfritidscenter.se,iab2
http://fortbendkia.com,iab2
http://foto.premio.de,iab2
http://fourrivershd.com,iab2
http://foxfordwaynesburg.com,iab2
http://foxsubaru.com,iab2
http://foxtoyota.com,iab2
http://foxvalleybuickgmc.com,iab2
http://fr.peugeot.be,iab2
http://frankelacura.com,iab2
http://frankporth.com,iab2
http://fredoniachryslerdodgejeepram.com,iab2
http://freedomhonda.net,iab2
http://freeholdchryslerjeep.net,iab2
http://freewayford.net,iab2
http://fremonttire.com,iab2
http://friendlyfordofcrosby.com,iab2
http://friendlylincoln.com,iab2
http://frontierhonda.com,iab2
http://frostrv.com,iab2
http://apeplazas.com,iab3
http://areyouahuman.com,iab3
http://balloontime.com,iab3
http://brabender.com,iab3
http://cangift.org,iab3
http://cmgdigital.com,iab3
http://competitivefire.ca,iab3
http://coopsafetyprogram.ca,iab3
http://covantaes.com,iab3
http://cyclepointus.org,iab3
http://dash.it,iab3
http://directenergysolar.com,iab3
http://dynaenergetics.com,iab3
http://eaglebaypavers.com,iab3
http://esso.com.sg,iab3
http://everstring.com,iab3
http://exact.com,iab3
http://fb.st,iab3
http://hautehorlogerie.org,iab3
http://jakesfireworks.com,iab3
http://journey.espace.renault.com,iab3
http://jp.pg.com,iab3
http://jrn.com,iab3
http://lafarge.com,iab3
http://lafargeholcim.com,iab3
http://majority.co,iab3
http://maverik.com,iab3
http://mgeu.ca,iab3
http://mobifreak.org,iab3
http://move.myreliant.com,iab3
http://natureaustralia.org.au,iab3
http://neea.org,iab3
http://norfolkbetterfutures.co.uk,iab3
http://onerecreation.ca,iab3
http://paperandpackaging.org,iab3
http://passiveincomecode.com,iab3
http://pelicanprogear.ca,iab3
http://petrobras.com.br,iab3
http://pipetechcorp.com,iab3
http://planblue.com,iab3
http://powertothepen.com,iab3
http://pplenergyplus.com,iab3
http://propertyware.com,iab3
http://sage.de,iab3
http://saskplaterenewal.com,iab3
http://saynotoclearglass.com,iab3
http://secure.adnxs.com,iab3
http://shell.us,iab3
http://shredit.com,iab3
http://srp.energysavvy.com,iab3
http://swifttrans.com,iab3
http://thalesgroup.com,iab3
http://tnb.com.my,iab3
http://transmeri.fi,iab3
http://unidesq.com,iab3
http://virginiavelocity.org,iab3
http://web3.co.il,iab3
http://wikot.com,iab3
http://yhmg.com,iab3
http://zesprikiwi.com,iab3
http://zmags.com,iab3
http://11811.es,iab3
http://1866slabjack.com,iab3
http://2020hotelservices.com,iab3
